<?xml version="1.0" encoding="UTF-8" standalone="yes"?>
<addon id="repository.yulfiostv" name="yulfiostv official Repo" version="1.0.0" provider-name="Yulfios">
	<extension point="xbmc.addon.repository" name="yulfiostv official Repo">
		<info compressed="false">https://raw.github.com/yulalexander/yulfiostv/master/addons.xml</info>
		<checksum>https://raw.github.com/yulalexander/yulfiostv/master/addons.xml.md5</checksum>
		<datadir zip="true">https://raw.github.com/yulalexander/yulfiostv/master</datadir>
	</extension>
	<extension point="xbmc.addon.metadata">
		<summary>yulfiostv official Repo</summary>
   		<description lang="en">Instala los Addons de proyecto Yulfiostv.</description>
		<disclaimer></disclaimer>
		<platform>all</platform>
	</extension>
</addon>
